component,explained_variance_ratio
PC1,0.7842059829534055
PC2,0.12976763631416688
