model,completed_matches,outcome_accuracy,exact_score_accuracy,mean_team_goal_mae,mean_match_goal_error,total_goals_mae
Dummy Mean Baseline,0,0.5833333333333334,0.08333333333333333,0.8788229166666666,1.7576458333333331,1.6113958333333336
Poisson Regression,0,0.5833333333333334,0.08333333333333333,1.1608141056605543,2.3216282113211086,1.947173119211343
Ridge Regression,0,0.5833333333333334,0.08333333333333333,1.3087515323637577,2.6175030647275155,2.1408502777335117
Gradient Boosting Regressor,0,0.5833333333333334,0.08333333333333333,1.3098693009256472,2.6197386018512945,2.1695271418854354
XGBoost Regressor,0,0.5833333333333334,0.08333333333333333,1.3578186420102913,2.7156372840205827,2.208012449244658
LightGBM Regressor,0,0.5833333333333334,0.08333333333333333,1.3810475268397384,2.7620950536794773,2.2771042013180747
Random Forest Regressor,0,0.5,0.0,1.3570751898310671,2.7141503796621342,2.3822592605277
